{
    "records": [{
        "name": "Cloud",
        "items": [],
        "url": "https://integration.cloud.tibco.com:443"
    }],
    "resources": [
        {
            "location": "Service Descriptors/com.uniteddelta.esb.business.services.product.ordering.createorder.starter.ProductOrder-productorder.json",
            "type": "generated"
        },
        {
            "location": "Service Descriptors/starter.Process-Resource.json",
            "type": "generated"
        },
        {
            "location": "Service Descriptors/com.uniteddelta.esb.business.services.product.ordering.createorder.starter.ReceiveProductOrder-productorder.json",
            "type": "generated"
        }
    ]
}